"Name","Created","Runtime","Hostname","Notes","GPU Type","GPU Count","State","Tags","cuda_graph_impl","enable_cuda_graph","encoder_num_layers","ffn_hidden_size","hidden_size","kv_channels","micro_batch_size","num_attention_heads","num_layers","num_query_groups","overlap_grad_reduce","overlap_param_gather","slurm_job_name","te_rng_tracker","wandb_save_dir"
"throughput-3b-4n-2422309","2026-05-29T10:51:09.000Z","0","nid006648","-","NVIDIA GH200 120GB","4","crashed","","local","false","32","8192","3072","128","4","24","32","8","true","true","gipfel-throughput-3b-50s-4n","true","/iopsstor/scratch/cscs/course_00229/gipfelsturm/gipfelsturm/throughput-3b-4n"
"throughput-8b-4n-2422310","2026-05-29T10:51:07.000Z","16","nid007255","-","NVIDIA GH200 120GB","4","crashed","","local","false","32","14336","4096","128","2","32","32","8","true","true","gipfel-throughput-8b-50s-4n","true","/iopsstor/scratch/cscs/course_00229/gipfelsturm/gipfelsturm/throughput-8b-4n"
"throughput-1.5b-4n-2422308","2026-05-29T10:50:40.000Z","16","nid006784","-","NVIDIA GH200 120GB","4","crashed","","local","false","48","4352","1600","80","4","20","48","4","true","true","gipfel-throughput-1.5b-50s-4n","true","/iopsstor/scratch/cscs/course_00229/gipfelsturm/gipfelsturm/throughput-1.5b-4n"
"throughput-350m-4n-2422306","2026-05-29T10:50:11.000Z","18","nid007365","-","NVIDIA GH200 120GB","4","failed","","local","false","24","2816","1024","64","8","16","24","4","true","true","gipfel-throughput-350m-50s-4n","true","/iopsstor/scratch/cscs/course_00229/gipfelsturm/gipfelsturm/throughput-350m-4n"
"throughput-760m-4n-2422307","2026-05-29T10:50:04.000Z","16","nid006790","-","NVIDIA GH200 120GB","4","crashed","","local","false","24","4096","1536","96","4","16","24","4","true","true","gipfel-throughput-760m-50s-4n","true","/iopsstor/scratch/cscs/course_00229/gipfelsturm/gipfelsturm/throughput-760m-4n"
"throughput-3b-4n-2422302","2026-05-29T10:49:08.000Z","1354","nid006758","-","NVIDIA GH200 120GB","4","finished","","none","false","32","8192","3072","128","4","24","32","8","true","true","gipfel-throughput-3b-50s-4n","false","/iopsstor/scratch/cscs/course_00229/gipfelsturm/gipfelsturm/throughput-3b-4n"
"throughput-760m-4n-2422300","2026-05-29T10:49:07.000Z","1304","nid007213","-","NVIDIA GH200 120GB","4","finished","","none","false","24","4096","1536","96","4","16","24","4","true","true","gipfel-throughput-760m-50s-4n","false","/iopsstor/scratch/cscs/course_00229/gipfelsturm/gipfelsturm/throughput-760m-4n"
"throughput-350m-4n-2422299","2026-05-29T10:49:07.000Z","1304","nid007180","-","NVIDIA GH200 120GB","4","finished","","none","false","24","2816","1024","64","8","16","24","4","true","true","gipfel-throughput-350m-50s-4n","false","/iopsstor/scratch/cscs/course_00229/gipfelsturm/gipfelsturm/throughput-350m-4n"
"throughput-1.5b-4n-2422301","2026-05-29T10:49:06.000Z","1345","nid006709","-","NVIDIA GH200 120GB","4","finished","","none","false","48","4352","1600","80","4","20","48","4","true","true","gipfel-throughput-1.5b-50s-4n","false","/iopsstor/scratch/cscs/course_00229/gipfelsturm/gipfelsturm/throughput-1.5b-4n"
"throughput-125m-4n-2422298","2026-05-29T10:49:05.000Z","1306","nid007172","-","NVIDIA GH200 120GB","4","finished","","none","false","12","2048","768","64","16","12","12","4","true","true","gipfel-throughput-125m-50s-4n","false","/iopsstor/scratch/cscs/course_00229/gipfelsturm/gipfelsturm/throughput-125m-4n"
"throughput-3b-1n-2422296","2026-05-29T10:49:04.000Z","1683","nid006182","-","NVIDIA GH200 120GB","4","finished","","local","false","32","8192","3072","128","4","24","32","8","true","true","gipfel-throughput-3b-50s-1n","true","/iopsstor/scratch/cscs/course_00229/gipfelsturm/gipfelsturm/throughput-3b-1n"
"throughput-8b-4n-2422303","2026-05-29T10:49:04.000Z","1382","nid006773","-","NVIDIA GH200 120GB","4","finished","","none","false","32","14336","4096","128","2","32","32","8","true","true","gipfel-throughput-8b-50s-4n","false","/iopsstor/scratch/cscs/course_00229/gipfelsturm/gipfelsturm/throughput-8b-4n"
"throughput-8b-1n-2422297","2026-05-29T10:49:04.000Z","1719","nid007415","-","NVIDIA GH200 120GB","4","finished","","local","false","32","14336","4096","128","2","32","32","8","true","true","gipfel-throughput-8b-50s-1n","true","/iopsstor/scratch/cscs/course_00229/gipfelsturm/gipfelsturm/throughput-8b-1n"
"throughput-125m-4n-2422305","2026-05-29T10:49:03.000Z","16","nid006784","-","NVIDIA GH200 120GB","4","crashed","","local","false","12","2048","768","64","16","12","12","4","true","true","gipfel-throughput-125m-50s-4n","true","/iopsstor/scratch/cscs/course_00229/gipfelsturm/gipfelsturm/throughput-125m-4n"
"throughput-1.5b-1n-2422295","2026-05-29T10:42:48.000Z","1684","nid006810","-","NVIDIA GH200 120GB","4","finished","","local","false","48","4352","1600","80","4","20","48","4","true","true","gipfel-throughput-1.5b-50s-1n","true","/iopsstor/scratch/cscs/course_00229/gipfelsturm/gipfelsturm/throughput-1.5b-1n"
"throughput-760m-1n-2422294","2026-05-29T10:42:16.000Z","1716","nid007573","-","NVIDIA GH200 120GB","4","finished","","local","false","24","4096","1536","96","4","16","24","4","true","true","gipfel-throughput-760m-50s-1n","true","/iopsstor/scratch/cscs/course_00229/gipfelsturm/gipfelsturm/throughput-760m-1n"
"throughput-8b-1n-2422291","2026-05-29T10:40:19.000Z","1770","nid006814","-","NVIDIA GH200 120GB","4","crashed","","none","false","32","14336","4096","128","2","32","32","8","true","true","gipfel-throughput-8b-50s-1n","false","/iopsstor/scratch/cscs/course_00229/gipfelsturm/gipfelsturm/throughput-8b-1n"
"throughput-350m-1n-2422293","2026-05-29T10:40:15.000Z","612","nid006848","-","NVIDIA GH200 120GB","4","finished","","local","false","24","2816","1024","64","8","16","24","4","true","true","gipfel-throughput-350m-50s-1n","true","/iopsstor/scratch/cscs/course_00229/gipfelsturm/gipfelsturm/throughput-350m-1n"
"throughput-125m-1n-2422292","2026-05-29T10:40:12.000Z","615","nid006834","-","NVIDIA GH200 120GB","4","finished","","local","false","12","2048","768","64","16","12","12","4","true","true","gipfel-throughput-125m-50s-1n","true","/iopsstor/scratch/cscs/course_00229/gipfelsturm/gipfelsturm/throughput-125m-1n"
"throughput-350m-1n-2422287","2026-05-29T10:36:07.000Z","860","nid007416","-","NVIDIA GH200 120GB","4","finished","","none","false","24","2816","1024","64","8","16","24","4","true","true","gipfel-throughput-350m-50s-1n","false","/iopsstor/scratch/cscs/course_00229/gipfelsturm/gipfelsturm/throughput-350m-1n"
"throughput-3b-1n-2422290","2026-05-29T10:36:05.000Z","1385","nid007447","-","NVIDIA GH200 120GB","4","finished","","none","false","32","8192","3072","128","4","24","32","8","true","true","gipfel-throughput-3b-50s-1n","false","/iopsstor/scratch/cscs/course_00229/gipfelsturm/gipfelsturm/throughput-3b-1n"
"throughput-125m-1n-2422286","2026-05-29T10:36:04.000Z","862","nid006668","-","NVIDIA GH200 120GB","4","finished","","none","false","12","2048","768","64","16","12","12","4","true","true","gipfel-throughput-125m-50s-1n","false","/iopsstor/scratch/cscs/course_00229/gipfelsturm/gipfelsturm/throughput-125m-1n"
"throughput-760m-1n-2422288","2026-05-29T10:36:04.000Z","1387","nid007425","-","NVIDIA GH200 120GB","4","finished","","none","false","24","4096","1536","96","4","16","24","4","true","true","gipfel-throughput-760m-50s-1n","false","/iopsstor/scratch/cscs/course_00229/gipfelsturm/gipfelsturm/throughput-760m-1n"
"throughput-1.5b-1n-2422289","2026-05-29T10:35:58.000Z","1393","nid007438","-","NVIDIA GH200 120GB","4","finished","","none","false","48","4352","1600","80","4","20","48","4","true","true","gipfel-throughput-1.5b-50s-1n","false","/iopsstor/scratch/cscs/course_00229/gipfelsturm/gipfelsturm/throughput-1.5b-1n"
"throughput-8b-1n-2421264","2026-05-29T08:33:24.000Z","1250","nid007576","-","NVIDIA GH200 120GB","4","finished","submission","local","false","32","14336","4096","128","2","32","32","8","true","true","gipfel-throughput-8b-50s-1n","true","/iopsstor/scratch/cscs/course_00229/gipfelsturm/gipfelsturm/throughput-8b-1n"
"throughput-3b-1n-2421263","2026-05-29T08:31:51.000Z","674","nid007429","-","NVIDIA GH200 120GB","4","finished","submission","local","false","32","8192","3072","128","4","24","32","8","true","true","gipfel-throughput-3b-50s-1n","true","/iopsstor/scratch/cscs/course_00229/gipfelsturm/gipfelsturm/throughput-3b-1n"
"throughput-1.5b-1n-2421262","2026-05-29T08:29:50.000Z","404","nid006694","-","NVIDIA GH200 120GB","4","finished","submission","local","false","48","4352","1600","80","4","20","48","4","true","true","gipfel-throughput-1.5b-50s-1n","true","/iopsstor/scratch/cscs/course_00229/gipfelsturm/gipfelsturm/throughput-1.5b-1n"
"throughput-350m-1n-2421260","2026-05-29T08:27:52.000Z","174","nid007429","-","NVIDIA GH200 120GB","4","finished","submission","local","false","24","2816","1024","64","8","16","24","4","true","true","gipfel-throughput-350m-50s-1n","true","/iopsstor/scratch/cscs/course_00229/gipfelsturm/gipfelsturm/throughput-350m-1n"
"throughput-760m-1n-2421261","2026-05-29T08:27:48.000Z","296","nid007458","-","NVIDIA GH200 120GB","4","finished","submission","local","false","24","4096","1536","96","4","16","24","4","true","true","gipfel-throughput-760m-50s-1n","true","/iopsstor/scratch/cscs/course_00229/gipfelsturm/gipfelsturm/throughput-760m-1n"
"throughput-3b-1n-2421248","2026-05-29T08:26:58.000Z","679","nid006139","-","NVIDIA GH200 120GB","4","finished","submission","none","false","32","8192","3072","128","4","24","32","8","true","true","gipfel-throughput-3b-50s-1n","false","/iopsstor/scratch/cscs/course_00229/gipfelsturm/gipfelsturm/throughput-3b-1n"
"throughput-8b-1n-2421249","2026-05-29T08:26:52.000Z","1272","nid006671","-","NVIDIA GH200 120GB","4","finished","submission","none","false","32","14336","4096","128","2","32","32","8","true","true","gipfel-throughput-8b-50s-1n","false","/iopsstor/scratch/cscs/course_00229/gipfelsturm/gipfelsturm/throughput-8b-1n"
"throughput-125m-1n-2421259","2026-05-29T08:26:49.000Z","99","nid007616","-","NVIDIA GH200 120GB","4","finished","submission","local","false","12","2048","768","64","16","12","12","4","true","true","gipfel-throughput-125m-50s-1n","true","/iopsstor/scratch/cscs/course_00229/gipfelsturm/gipfelsturm/throughput-125m-1n"
"throughput-1.5b-1n-2421247","2026-05-29T08:24:51.000Z","402","nid007576","-","NVIDIA GH200 120GB","4","finished","submission","none","false","48","4352","1600","80","4","20","48","4","true","true","gipfel-throughput-1.5b-50s-1n","false","/iopsstor/scratch/cscs/course_00229/gipfelsturm/gipfelsturm/throughput-1.5b-1n"
"throughput-760m-1n-2421246","2026-05-29T08:23:52.000Z","311","nid007626","-","NVIDIA GH200 120GB","4","finished","submission","none","false","24","4096","1536","96","4","16","24","4","true","true","gipfel-throughput-760m-50s-1n","false","/iopsstor/scratch/cscs/course_00229/gipfelsturm/gipfelsturm/throughput-760m-1n"
"throughput-350m-1n-2421245","2026-05-29T08:23:27.000Z","302","nid006694","-","NVIDIA GH200 120GB","4","finished","submission","none","false","24","2816","1024","64","8","16","24","4","true","true","gipfel-throughput-350m-50s-1n","false","/iopsstor/scratch/cscs/course_00229/gipfelsturm/gipfelsturm/throughput-350m-1n"
"throughput-125m-1n-2421244","2026-05-29T08:20:49.000Z","300","nid007616","-","NVIDIA GH200 120GB","4","finished","submission","none","false","12","2048","768","64","16","12","12","4","true","true","gipfel-throughput-125m-50s-1n","false","/iopsstor/scratch/cscs/course_00229/gipfelsturm/gipfelsturm/throughput-125m-1n"
"throughput-8b-1n-2421219","2026-05-29T08:20:46.000Z","1299","nid006720","-","NVIDIA GH200 120GB","4","finished","submission","local","false","32","14336","4096","128","2","32","32","8","true","true","gipfel-throughput-8b-50s-1n","true","/iopsstor/scratch/cscs/course_00229/gipfelsturm/gipfelsturm/throughput-8b-1n"
"throughput-1.5b-1n-2421216","2026-05-29T08:16:15.000Z","429","nid007576","-","NVIDIA GH200 120GB","4","finished","submission","local","false","48","4352","1600","80","4","20","48","4","true","true","gipfel-throughput-1.5b-50s-1n","true","/iopsstor/scratch/cscs/course_00229/gipfelsturm/gipfelsturm/throughput-1.5b-1n"
"throughput-3b-1n-2421217","2026-05-29T08:16:12.000Z","687","nid007603","-","NVIDIA GH200 120GB","4","finished","submission","local","false","32","8192","3072","128","4","24","32","8","true","true","gipfel-throughput-3b-50s-1n","true","/iopsstor/scratch/cscs/course_00229/gipfelsturm/gipfelsturm/throughput-3b-1n"
"throughput-760m-1n-2421215","2026-05-29T08:06:42.000Z","270","nid007603","-","NVIDIA GH200 120GB","4","finished","submission","local","false","24","4096","1536","96","4","16","24","4","true","true","gipfel-throughput-760m-50s-1n","true","/iopsstor/scratch/cscs/course_00229/gipfelsturm/gipfelsturm/throughput-760m-1n"
"throughput-350m-1n-2421214","2026-05-29T08:06:41.000Z","270","nid006814","-","NVIDIA GH200 120GB","4","finished","submission","local","false","24","2816","1024","64","8","16","24","4","true","true","gipfel-throughput-350m-50s-1n","true","/iopsstor/scratch/cscs/course_00229/gipfelsturm/gipfelsturm/throughput-350m-1n"
"throughput-125m-1n-2421213","2026-05-29T08:04:41.000Z","328","nid007031","-","NVIDIA GH200 120GB","4","finished","submission","local","false","12","2048","768","64","16","12","12","4","true","true","gipfel-throughput-125m-50s-1n","true","/iopsstor/scratch/cscs/course_00229/gipfelsturm/gipfelsturm/throughput-125m-1n"
"throughput-8b-1n-2421210","2026-05-29T08:04:14.000Z","1244","nid007429","-","NVIDIA GH200 120GB","4","finished","submission","none","false","32","14336","4096","128","2","32","32","8","true","true","gipfel-throughput-8b-50s-1n","false","/iopsstor/scratch/cscs/course_00229/gipfelsturm/gipfelsturm/throughput-8b-1n"
"throughput-3b-1n-2421209","2026-05-29T08:04:08.000Z","660","nid006810","-","NVIDIA GH200 120GB","4","finished","submission","none","false","32","8192","3072","128","4","24","32","8","true","true","gipfel-throughput-3b-50s-1n","false","/iopsstor/scratch/cscs/course_00229/gipfelsturm/gipfelsturm/throughput-3b-1n"
"throughput-760m-1n-2421206","2026-05-29T08:03:37.000Z","337","nid006154","-","NVIDIA GH200 120GB","4","finished","submission","none","false","24","4096","1536","96","4","16","24","4","true","true","gipfel-throughput-760m-50s-1n","false","/iopsstor/scratch/cscs/course_00229/gipfelsturm/gipfelsturm/throughput-760m-1n"
"throughput-1.5b-1n-2421207","2026-05-29T08:03:37.000Z","404","nid007019","-","NVIDIA GH200 120GB","4","finished","submission","none","false","48","4352","1600","80","4","20","48","4","true","true","gipfel-throughput-1.5b-50s-1n","false","/iopsstor/scratch/cscs/course_00229/gipfelsturm/gipfelsturm/throughput-1.5b-1n"
"throughput-125m-1n-2421204","2026-05-29T08:03:05.000Z","328","nid006848","-","NVIDIA GH200 120GB","4","finished","submission","none","false","12","2048","768","64","16","12","12","4","true","true","gipfel-throughput-125m-50s-1n","false","/iopsstor/scratch/cscs/course_00229/gipfelsturm/gipfelsturm/throughput-125m-1n"
"throughput-350m-1n-2421205","2026-05-29T08:03:02.000Z","341","nid006856","-","NVIDIA GH200 120GB","4","finished","submission","none","false","24","2816","1024","64","8","16","24","4","true","true","gipfel-throughput-350m-50s-1n","false","/iopsstor/scratch/cscs/course_00229/gipfelsturm/gipfelsturm/throughput-350m-1n"
"throughput-8b-1n-2420078","2026-05-28T23:43:45.000Z","1288","nid006570","-","NVIDIA GH200 120GB","4","finished","","local","false","32","14336","4096","128","2","32","32","8","true","true","gipfel-throughput-8b-50s-1n","true","/iopsstor/scratch/cscs/course_00229/gipfelsturm/gipfelsturm/throughput-8b-1n"
"throughput-8b-1n-2420025","2026-05-28T22:55:22.000Z","1288","nid007182","-","NVIDIA GH200 120GB","4","finished","","local","false","32","14336","4096","128","2","32","32","8","true","true","gipfel-throughput-8b-50s-1n","true","/iopsstor/scratch/cscs/course_00229/gipfelsturm/gipfelsturm/throughput-8b-1n"
"throughput-8b-1n-2419914","2026-05-28T22:47:39.000Z","1291","nid007310","-","NVIDIA GH200 120GB","4","finished","","local","","32","14336","4096","128","2","32","32","8","false","false","gipfel-throughput-8b-50s-1n","true","/iopsstor/scratch/cscs/course_00229/gipfelsturm/gipfelsturm/throughput-8b-1n"
"throughput-8b-1n-2419908","2026-05-28T22:10:25.000Z","1247","nid006170","-","NVIDIA GH200 120GB","4","finished","","none","false","32","14336","4096","128","2","32","32","8","true","true","gipfel-throughput-8b-50s-1n","false","/iopsstor/scratch/cscs/course_00229/gipfelsturm/gipfelsturm/throughput-8b-1n"
"throughput-8b-1n-2419887","2026-05-28T22:03:05.000Z","1249","nid006310","-","NVIDIA GH200 120GB","4","finished","","none","false","32","14336","4096","128","2","32","32","8","true","true","gipfel-throughput-8b-50s-1n","false","/iopsstor/scratch/cscs/course_00229/gipfelsturm/gipfelsturm/throughput-8b-1n"
"throughput-8b-1n-2419867","2026-05-28T21:54:59.000Z","406","nid007032","-","NVIDIA GH200 120GB","4","crashed","","none","false","32","14336","4096","128","2","32","32","8","true","true","gipfel-throughput-8b-50s-1n","false","/iopsstor/scratch/cscs/course_00229/gipfelsturm/gipfelsturm/throughput-8b-1n"
"throughput-8b-1n-2419842","2026-05-28T21:46:46.000Z","961","nid007619","-","NVIDIA GH200 120GB","4","crashed","","none","false","32","14336","4096","128","2","32","32","8","true","true","gipfel-throughput-8b-50s-1n","false","/iopsstor/scratch/cscs/course_00229/gipfelsturm/gipfelsturm/throughput-8b-1n"
"throughput-8b-1n-2419792","2026-05-28T21:39:31.000Z","25","nid006661","-","NVIDIA GH200 120GB","4","failed","","none","false","32","14336","4096","128","2","32","32","8","true","true","gipfel-throughput-8b-50s-1n","false","/iopsstor/scratch/cscs/course_00229/gipfelsturm/gipfelsturm/throughput-8b-1n"
"throughput-8b-1n-2419782","2026-05-28T21:29:22.000Z","30","nid006661","-","","","failed","","none","false","32","14336","4096","128","2","32","32","8","true","true","gipfel-throughput-8b-50s-1n","false","/iopsstor/scratch/cscs/course_00229/gipfelsturm/gipfelsturm/throughput-8b-1n"
"throughput-8b-1n-2419746","2026-05-28T21:23:39.000Z","35","nid007008","-","","","failed","","none","false","32","14336","4096","128","2","32","32","8","true","true","gipfel-throughput-8b-50s-1n","false","/iopsstor/scratch/cscs/course_00229/gipfelsturm/gipfelsturm/throughput-8b-1n"
"throughput-8b-1n-2419707","2026-05-28T21:12:16.000Z","37","nid006616","-","NVIDIA GH200 120GB","4","failed","","none","false","32","14336","4096","128","2","32","32","8","true","true","gipfel-throughput-8b-50s-1n","false","/iopsstor/scratch/cscs/course_00229/gipfelsturm/gipfelsturm/throughput-8b-1n"
"throughput-8b-1n-2419655","2026-05-28T20:59:14.000Z","1225","nid007325","-","NVIDIA GH200 120GB","4","finished","","none","false","32","14336","4096","128","2","32","32","8","true","true","gipfel-throughput-8b-50s-1n","false","/iopsstor/scratch/cscs/course_00229/gipfelsturm/gipfelsturm/throughput-8b-1n"
"throughput-8b-1n-2419539","2026-05-28T20:50:52.000Z","1684","nid006170","-","NVIDIA GH200 120GB","4","finished","","none","false","32","14336","4096","128","2","32","32","8","true","true","gipfel-throughput-8b-50s-1n","false","/iopsstor/scratch/cscs/course_00229/gipfelsturm/gipfelsturm/throughput-8b-1n"
"throughput-8b-4n-2419541","2026-05-28T20:50:52.000Z","1389","nid007447","-","NVIDIA GH200 120GB","4","finished","","none","false","32","14336","4096","128","2","32","32","8","true","true","gipfel-throughput-8b-50s-4n","false","/iopsstor/scratch/cscs/course_00229/gipfelsturm/gipfelsturm/throughput-8b-4n"
"throughput-8b-1n-2419587","2026-05-28T20:50:49.000Z","1234","nid006236","-","NVIDIA GH200 120GB","4","finished","","transformer_engine","false","32","14336","4096","128","2","32","32","8","true","true","gipfel-throughput-8b-50s-1n","true","/iopsstor/scratch/cscs/course_00229/gipfelsturm/gipfelsturm/throughput-8b-1n"
"throughput-8b-1n-2419537","2026-05-28T20:50:20.000Z","1225","nid007001","-","NVIDIA GH200 120GB","4","finished","","none","false","32","14336","4096","128","2","32","32","8","true","true","gipfel-throughput-8b-50s-1n","false","/iopsstor/scratch/cscs/course_00229/gipfelsturm/gipfelsturm/throughput-8b-1n"
"throughput-8b-1n-2412330","2026-05-28T00:10:07.000Z","1717","nid007551","-","NVIDIA GH200 120GB","4","finished","","transformer_engine","false","32","14336","4096","128","2","32","32","8","true","true","gipfel-throughput-8b-50s-1n","true","/iopsstor/scratch/cscs/course_00229/gipfelsturm/gipfelsturm/throughput-8b-1n"
"throughput-8b-1n-2412308","2026-05-27T22:52:07.000Z","840","nid007544","-","NVIDIA GH200 120GB","4","crashed","","transformer_engine","false","32","14336","4096","128","2","32","32","8","true","true","gipfel-throughput-8b-50s-1n","true","/iopsstor/scratch/cscs/course_00229/gipfelsturm/gipfelsturm/throughput-8b-1n"
"throughput-8b-1n-2412257","2026-05-27T22:32:53.000Z","1111","nid007536","-","NVIDIA GH200 120GB","4","crashed","","transformer_engine","false","32","14336","4096","128","2","32","32","8","true","true","gipfel-throughput-8b-50s-1n","true","/iopsstor/scratch/cscs/course_00229/gipfelsturm/gipfelsturm/throughput-8b-1n"
"throughput-8b-1n-2412215","2026-05-27T22:25:08.000Z","31","nid007366","-","NVIDIA GH200 120GB","4","failed","","transformer_engine","false","32","14336","4096","128","2","32","32","8","true","true","gipfel-throughput-8b-50s-1n","true","/iopsstor/scratch/cscs/course_00229/gipfelsturm/gipfelsturm/throughput-8b-1n"
"throughput-8b-1n-2412179","2026-05-27T22:19:16.000Z","35","nid006050","-","NVIDIA GH200 120GB","4","failed","","transformer_engine","false","32","14336","4096","128","2","32","32","8","true","true","gipfel-throughput-8b-50s-1n","true","/iopsstor/scratch/cscs/course_00229/gipfelsturm/gipfelsturm/throughput-8b-1n"
"throughput-8b-1n-2412072","2026-05-27T22:09:39.000Z","94","nid006696","-","NVIDIA GH200 120GB","4","failed","","transformer_engine","false","32","14336","4096","128","2","32","32","8","true","true","gipfel-throughput-8b-50s-1n","true","/iopsstor/scratch/cscs/course_00229/gipfelsturm/gipfelsturm/throughput-8b-1n"
"throughput-8b-1n-2412007","2026-05-27T21:57:12.000Z","93","nid006191","-","NVIDIA GH200 120GB","4","failed","","transformer_engine","false","32","14336","4096","128","2","32","32","8","true","true","gipfel-throughput-8b-50s-1n","true","/iopsstor/scratch/cscs/course_00229/gipfelsturm/gipfelsturm/throughput-8b-1n"
"throughput-8b-1n-2411883","2026-05-27T21:42:54.000Z","1156","nid006853","-","NVIDIA GH200 120GB","4","crashed","","transformer_engine","false","32","14336","4096","128","2","32","32","8","true","false","gipfel-throughput-8b-50s-1n","true","/iopsstor/scratch/cscs/course_00229/gipfelsturm/gipfelsturm/throughput-8b-1n"
"throughput-8b-1n-2411843","2026-05-27T21:37:13.000Z","66","nid006037","-","NVIDIA GH200 120GB","4","failed","","none","false","32","14336","4096","128","2","32","32","8","true","false","gipfel-throughput-8b-50s-1n","false","/iopsstor/scratch/cscs/course_00229/gipfelsturm/gipfelsturm/throughput-8b-1n"
"throughput-8b-1n-2411717","2026-05-27T21:30:46.000Z","34","nid007643","-","NVIDIA GH200 120GB","4","failed","","","","32","14336","4096","128","2","32","32","8","true","false","","","/iopsstor/scratch/cscs/course_00229/gipfelsturm/gipfelsturm/throughput-8b-1n"
"throughput-8b-1n-2411522","2026-05-27T21:01:27.000Z","1440","nid007356","-","NVIDIA GH200 120GB","4","crashed","","","","32","14336","4096","128","2","32","32","8","true","false","","","/iopsstor/scratch/cscs/course_00229/gipfelsturm/gipfelsturm/throughput-8b-1n"
"throughput-8b-1n-2410491","2026-05-27T18:22:06.000Z","45","nid006280","-","NVIDIA GH200 120GB","4","crashed","","","","32","14336","4096","128","2","32","32","8","true","false","","","/iopsstor/scratch/cscs/course_00229/gipfelsturm/gipfelsturm/throughput-8b-1n"
"throughput-8b-1n-2344465","2026-05-22T12:32:29.000Z","1240","nid007585","-","NVIDIA GH200 120GB","4","finished","","transformer_engine","false","32","14336","4096","128","2","32","32","8","true","false","gipfel-throughput-8b-50s-1n","true","/iopsstor/scratch/cscs/course_00229/gipfelsturm/gipfelsturm/throughput-8b-1n"
"throughput-125m-1n-2344464","2026-05-22T12:32:28.000Z","277","nid007091","-","NVIDIA GH200 120GB","4","finished","","transformer_engine","false","12","2048","768","64","16","12","12","4","true","false","gipfel-throughput-125m-50s-1n","true","/iopsstor/scratch/cscs/course_00229/gipfelsturm/gipfelsturm/throughput-125m-1n"
"throughput-125m-1n-2342424","2026-05-22T08:15:45.000Z","316","nid006159","-","NVIDIA GH200 120GB","4","finished","","transformer_engine","false","12","2048","768","64","16","12","12","4","true","false","gipfel-throughput-125m-50s-1n","true","/iopsstor/scratch/cscs/course_00229/gipfelsturm/gipfelsturm/throughput-125m-1n"
"throughput-8b-1n-2342423","2026-05-22T07:40:48.000Z","1219","nid006710","-","NVIDIA GH200 120GB","4","finished","","transformer_engine","false","32","14336","4096","128","2","32","32","8","true","false","gipfel-throughput-8b-50s-1n","true","/iopsstor/scratch/cscs/course_00229/gipfelsturm/gipfelsturm/throughput-8b-1n"
"throughput-8b-1n-2340395","2026-05-21T21:54:54.000Z","32","nid007109","-","NVIDIA GH200 120GB","4","failed","","transformer_engine","false","32","14336","4096","128","2","32","32","8","true","false","gipfel-throughput-8b-50s-1n","true","/iopsstor/scratch/cscs/course_00229/gipfelsturm/gipfelsturm/throughput-8b-1n"
"throughput-8b-1n-2339958","2026-05-21T21:04:38.000Z","23","nid007205","-","NVIDIA GH200 120GB","4","failed","","transformer_engine","false","32","14336","4096","128","2","32","32","8","true","false","gipfel-throughput-8b-50s-1n","true","/iopsstor/scratch/cscs/course_00229/gipfelsturm/gipfelsturm/throughput-8b-1n"
"throughput-8b-1n-2338955","2026-05-21T19:34:24.000Z","911","nid006621","-","NVIDIA GH200 120GB","4","finished","","transformer_engine","false","32","14336","4096","128","2","32","32","8","true","false","gipfel-throughput-8b-50s-1n","true","/iopsstor/scratch/cscs/course_00229/gipfelsturm/gipfelsturm/throughput-8b-1n"
"throughput-8b-1n-2338928","2026-05-21T19:24:36.000Z","70","nid006309","-","NVIDIA GH200 120GB","4","failed","","transformer_engine","false","32","14336","4096","128","2","32","32","8","true","true","gipfel-throughput-8b-50s-1n","true","/iopsstor/scratch/cscs/course_00229/gipfelsturm/gipfelsturm/throughput-8b-1n"
"throughput-8b-1n-2336220","2026-05-21T15:53:37.000Z","22","nid007485","-","NVIDIA GH200 120GB","4","failed","","transformer_engine","false","32","14336","4096","128","2","32","32","8","true","true","gipfel-throughput-8b-50s-1n","true","/iopsstor/scratch/cscs/course_00229/gipfelsturm/gipfelsturm/throughput-8b-1n"
"throughput-8b-1n-2334388","2026-05-21T11:05:32.000Z","28","nid007086","-","NVIDIA GH200 120GB","4","failed","","transformer_engine","false","32","14336","4096","128","2","32","32","8","true","true","gipfel-throughput-8b-50s-1n","true","/iopsstor/scratch/cscs/course_00229/gipfelsturm/gipfelsturm/throughput-8b-1n"
"throughput-8b-1n-2333112","2026-05-21T08:17:03.000Z","28","nid006097","-","NVIDIA GH200 120GB","4","failed","","transformer_engine","false","32","14336","4096","128","2","32","32","8","true","true","gipfel-throughput-8b-50s-1n","true","/iopsstor/scratch/cscs/course_00229/gipfelsturm/gipfelsturm/throughput-8b-1n"
"throughput-8b-1n-2331827","2026-05-21T07:41:11.000Z","30","nid006759","-","NVIDIA GH200 120GB","4","failed","","transformer_engine","false","32","14336","4096","128","2","32","32","8","true","true","gipfel-throughput-8b-50s-1n","true","/iopsstor/scratch/cscs/course_00229/gipfelsturm/gipfelsturm/throughput-8b-1n"
"throughput-8b-1n-2329200","2026-05-21T01:04:41.000Z","1225","nid007576","-","NVIDIA GH200 120GB","4","finished","","transformer_engine","false","32","14336","4096","128","2","32","32","8","true","true","gipfel-throughput-8b-50s-1n","true","/iopsstor/scratch/cscs/course_00229/gipfelsturm/gipfelsturm/throughput-8b-1n"
"throughput-8b-1n-2323180","2026-05-20T17:00:14.000Z","1237","nid007463","-","NVIDIA GH200 120GB","4","finished","","transformer_engine","false","32","14336","4096","128","2","32","32","8","true","true","gipfel-throughput-8b-50s-1n","true","/iopsstor/scratch/cscs/course_00229/gipfelsturm/gipfelsturm/throughput-8b-1n"
"throughput-8b-1n-2317262","2026-05-19T23:42:11.000Z","1227","nid005425","-","NVIDIA GH200 120GB","4","finished","","transformer_engine","false","32","14336","4096","128","2","32","32","8","true","true","gipfel-throughput-8b-50s-1n","true","/iopsstor/scratch/cscs/course_00229/gipfelsturm/gipfelsturm/throughput-8b-1n"
"throughput-8b-1n-2299427","2026-05-19T08:06:51.000Z","127","nid007253","-","NVIDIA GH200 120GB","4","crashed","","local","false","32","14336","4096","128","2","32","32","8","true","true","gipfel-throughput-8b-50s-1n","true","/iopsstor/scratch/cscs/course_00229/gipfelsturm/gipfelsturm/throughput-8b-1n"
"throughput-8b-1n-2297437","2026-05-18T23:55:47.000Z","1227","nid006862","-","NVIDIA GH200 120GB","4","finished","","none","false","32","14336","4096","128","2","32","32","8","true","true","gipfel-throughput-8b-50s-1n","false","/iopsstor/scratch/cscs/course_00229/gipfelsturm/gipfelsturm/throughput-8b-1n"
"throughput-8b-1n-2297159","2026-05-18T23:55:06.000Z","1246","nid007422","-","NVIDIA GH200 120GB","4","finished","","none","false","32","14336","4096","128","2","32","32","8","true","true","gipfel-throughput-8b-50s-1n","false","/iopsstor/scratch/cscs/course_00229/gipfelsturm/gipfelsturm/throughput-8b-1n"
"throughput-8b-1n-2232141","2026-05-14T19:25:39.000Z","1247","nid006232","liger kernerl integration","NVIDIA GH200 120GB","4","finished","","none","false","32","14336","4096","128","2","32","32","8","true","true","gipfel-throughput-8b-50s-1n","false","/iopsstor/scratch/cscs/course_00229/gipfelsturm/gipfelsturm/throughput-8b-1n"
"throughput-8b-1n-2229311","2026-05-14T18:30:21.000Z","1267","nid007422","baseline","NVIDIA GH200 120GB","4","finished","","none","false","32","14336","4096","128","2","32","32","8","true","true","gipfel-throughput-8b-50s-1n","false","/iopsstor/scratch/cscs/course_00229/gipfelsturm/gipfelsturm/throughput-8b-1n"